首列不輸入,,,,
關關,動物意象,鳥禽,,
雎鳩,動物意象,水禽,,
河水,水域意象,水體,,
河,水域意象,水體,,
洲,地景環境,洲岸,,
荇菜,水域意象,水草,,
荇,水域意象,水草,,
采,人化自然活動,採集,,
葛,植物意象,草本,,
谷,地景環境,山丘,,
葉,植物意象,草本,葛覃 桃夭,
黃鳥,動物意象,鳥禽,,
灌木,植物意象,木本,,
喈喈,動物意象,鳥禽,,
刈,人化自然活動,採集,,
卷耳,植物意象,草本,,
崔嵬,地景環境,山丘,,
馬,動物意象,獸類,,
高岡,地景環境,山丘,,
砠,地景環境,山丘,,
樛木,植物意象,木本,,
藟,植物意象,草本,,
螽斯,動物意象,昆蟲,螽斯,蟲
桃,植物意象,花卉,桃夭,
華,植物意象,花卉,,
蕡,植物意象,果實,,
兔,動物意象,獸類,兔罝,補兔網
罝,人化自然活動,漁獵,,
林,植物意象,木本,,
芣苢,植物意象,果實,芣苢,芣苢
掇,人化自然活動,採集,,
捋,人化自然活動,採集,,
喬木,植物意象,木本,,
泳,人化自然活動,交通,漢廣,
漢,水域意象,水體,漢廣,
江,水域意象,水體,,
薪,植物意象,木本,,
楚,植物意象,木本,漢廣,
蔞,植物意象,草本,,
駒,動物意象,獸類,,
汝,水域意象,水體,汝墳,
墳,地景環境,洲岸,,
條,植物意象,木本,,
枚,植物意象,木本,汝墳,
肆,植物意象,木本,汝墳,
鲂魚,動物意象,魚類,汝墳,魚
鵲,動物意象,鳥禽,,
鳩,動物意象,鳥禽,,
蘩,植物意象,草本,,
沼,水域意象,水體,,
沚,地景環境,洲岸,,
澗,水域意象,水體,,
草蟲,動物意象,昆蟲,草蟲,蟲
阜螽,動物意象,昆蟲,草蟲,蟲
南山,地景環境,山丘,,
蕨,植物意象,草本,,
薇,植物意象,草本,,
蘋,水域意象,水草,,
藻,水域意象,水草,,
行潦,水域意象,水體,,
甘棠,植物意象,木本,,
露,天象氣候,天氣,,
雀,動物意象,鳥禽,,
鼠,動物意象,獸類,,
羔羊,動物意象,獸類,,
雷,天象氣候,天氣,,
梅,植物意象,木本,,
其實,植物意象,果實,,
星,天象氣候,天體,,
參,天象氣候,天體,,
昴,天象氣候,天體,,
夙,時序季節,時序,,
夜,時序季節,時序,,
宵,時序季節,時序,,
汜,水域意象,水體,,
沱,水域意象,水體,,
渚,地景環境,洲岸,,
麕,動物意象,獸類,,
白茅,植物意象,草本,,
樸樕,植物意象,木本,,
鹿,動物意象,獸類,,
尨,動物意象,獸類,,
唐棣,植物意象,木本,,
李,植物意象,花卉,,
釣,人化自然活動,漁獵,,
葭,植物意象,草本,,
蓬,植物意象,草本,,
豝,動物意象,獸類,,
豵,動物意象,獸類,,
柏,植物意象,木本,,
石,地景環境,山丘,,
日,天象氣候,天體,,
月,天象氣候,天體,,
燕燕,動物意象,鳥禽,,
野,地景環境,原野,,
下土,地景環境,原野,,
風,天象氣候,天氣,,
霾,天象氣候,天氣,,
曀,天象氣候,天氣,,
泉,水域意象,水體,,
睍睆,動物意象,鳥禽,,
其流,水域意象,水體,,
雉,動物意象,鳥禽,,
匏,植物意象,果實,,
濟,水域意象,水體,,
鷕,動物意象,鳥禽,,
其牡,動物意象,鳥禽,,
雝雝,動物意象,鳥禽,,
雁,動物意象,鳥禽,,
旦,時序季節,時序,,
冰,水域意象,水體,,
涉,人化自然活動,交通,,
谷風,天象氣候,天氣,,
陰,天象氣候,天氣,,
雨,天象氣候,天氣,,
葑,植物意象,草本,,
菲,植物意象,草本,,
荼,植物意象,草本,,
薺,植物意象,草本,,
涇,水域意象,水體,,
渭,水域意象,水體,,
我梁,人化自然活動,漁獵,,
笱,人化自然活動,漁獵,,
方之,人化自然活動,交通,,
舟,人化自然活動,交通,,
游之,人化自然活動,交通,,
蓄,植物意象,草本,,
冬,時序季節,季節,,
式微,時序季節,時序,,
泥,地景環境,原野,,
旄丘,地景環境,山丘,,
虎,動物意象,獸類,,
山,地景環境,山丘,,
榛,植物意象,木本,,
隰,地景環境,原野,,
苓,植物意象,草本,,
泉水,水域意象,水體,,
淇,水域意象,水體,,
淇水,水域意象,水體,,
泲,水域意象,水體,,
禰,水域意象,水體,,
肥泉,水域意象,水體,,
雨雪,天象氣候,天氣,,
狐,動物意象,獸類,,
烏,動物意象,鳥禽,,
荑,植物意象,草本,,
牧,地景環境,原野,,
魚網,人化自然活動,漁獵,,
鴻則,動物意象,兩棲,新臺,蟾蜍
乘舟,人化自然活動,交通,,
汎,人化自然活動,交通,,
茨,植物意象,草本,,
唐矣,植物意象,草本,,
麥,植物意象,穀物,,
桑,植物意象,木本,,
鶉,動物意象,鳥禽,,
定之,天象氣候,天體,,
栗,植物意象,木本,,
椅,植物意象,木本,,
桐,植物意象,木本,,
梓,植物意象,木本,,
漆,植物意象,木本,,
京,地景環境,山丘,,
田,人化自然活動,農事,,
騋,動物意象,獸類,,
牝,動物意象,獸類,,
蝃蝀,天象氣候,天氣,,
阿丘,地景環境,山丘,,
蝱,植物意象,草本,,
跋,人化自然活動,交通,,
陟,人化自然活動,交通,,
奧,地景環境,洲岸,,
竹,植物意象,木本,,
阿,地景環境,山丘,,
陸,地景環境,山丘,,
蝤蠐,動物意象,昆蟲,碩人,蟲
瓠犀,植物意象,果實,,
螓,動物意象,昆蟲,碩人,蟲
蛾,動物意象,昆蟲,碩人,蟲
農,人化自然活動,農事,,
郊,地景環境,原野,,
牡,動物意象,獸類,,
翟,動物意象,鳥禽,,
施罛,人化自然活動,漁獵,,
鱣,動物意象,魚類,碩人,魚
鮪,動物意象,魚類,碩人,魚
菼,植物意象,草本,,
秋,時序季節,季節,,
桑葚,植物意象,果實,,
有朝,時序季節,時序,,
泮,地景環境,洲岸,,
檜,植物意象,木本,,
楫,人化自然活動,交通,,
松,植物意象,木本,,
芄蘭,植物意象,草本,,
葦,植物意象,草本,,
杭,人化自然活動,交通,,
刀,人化自然活動,交通,,
諼草,植物意象,草本,,
厲,地景環境,洲岸,,
側,地景環境,洲岸,,
木瓜,植物意象,果實,,
木桃,植物意象,果實,,
木李,植物意象,果實,,
黍,植物意象,穀物,,
稷,植物意象,穀物,,
苗,植物意象,穀物,,
穗,植物意象,穀物,,
之實行,植物意象,穀物,,
蒼天,天象氣候,天體,,
雞,動物意象,鳥禽,,
羊,動物意象,獸類,,
牛,動物意象,獸類,,
下來,人化自然活動,牧畜,,
下括,人化自然活動,牧畜,,
束蒲,植物意象,木本,,
水,水域意象,水體,,
蓷,植物意象,草本,,
暵,天象氣候,天氣,,
羅,人化自然活動,漁獵,,
罦,人化自然活動,漁獵,,
罿,人化自然活動,漁獵,,
葛藟,植物意象,草本,,
滸,地景環境,洲岸,,
涘,地景環境,洲岸,,
漘,地景環境,洲岸,,
蕭,植物意象,草本,,
艾,植物意象,草本,,
丘,地景環境,山丘,,
有李,植物意象,木本,,
杞,植物意象,木本,,
檀,植物意象,木本,,
于田,人化自然活動,漁獵,,
狩,人化自然活動,漁獵,,
驂,動物意象,獸類,,
乘黃,動物意象,獸類,,
乘鴇,動物意象,獸類,,
駟,動物意象,獸類,,
重喬,動物意象,鳥禽,,
豹,動物意象,獸類,,
鳧,動物意象,水禽,,
弋,人化自然活動,漁獵,,
舜英,植物意象,花卉,,
扶蘇,植物意象,木本,,
喬松,植物意象,木本,,
游龍,水域意象,水草,,
蘀,植物意象,木本,,
溱,水域意象,水體,,
洧,水域意象,水體,,
墠,地景環境,原野,,
茹藘,植物意象,草本,,
阪,地景環境,山丘,,
雲,天象氣候,天氣,,
草,植物意象,草本,,
蕳,植物意象,花卉,,
勺藥,植物意象,花卉,,
蒼蠅,動物意象,昆蟲,雞鳴,蟲
蟲,動物意象,昆蟲,雞鳴,蟲
東方明,時序季節,時序,,
東方則明,時序季節,時序,,
肩,動物意象,獸類,,
狼,動物意象,獸類,,
東方未明,時序季節,時序,,
東方未晞,時序季節,時序,,
柳,植物意象,木本,,
折,人化自然活動,採集,,
辰,時序季節,時序,,
則莫,時序季節,時序,,
麻,植物意象,草本,,
畝,人化自然活動,農事,,
莠,植物意象,草本,,
盧,動物意象,獸類,,
在梁,人化自然活動,漁獵,,
魴,動物意象,魚類,敝笱,魚
鰥,動物意象,魚類,敝笱,魚
鱮,動物意象,魚類,敝笱,魚
魚,動物意象,魚類,敝笱,魚
驪,動物意象,獸類,,
汶水,水域意象,水體,,
汾,水域意象,水體,,
沮洳,地景環境,原野,,
其莫彼,植物意象,草本,,
如英,植物意象,花卉,,
藚,水域意象,水草,,
有桃,植物意象,果實,,
有棘,植物意象,木本,,
岵,地景環境,山丘,,
屺,地景環境,山丘,,
岡,地景環境,山丘,,
稼,人化自然活動,農事,,
穡,人化自然活動,農事,,
廛,人化自然活動,農事,,
獵,人化自然活動,漁獵,,
貆,動物意象,獸類,,
縣特,動物意象,獸類,,
蟋蟀,動物意象,昆蟲,蟋蟀,蟲
歲聿其莫,時序季節,時序,,
歲聿其逝,時序季節,時序,,
樞,植物意象,木本,,
榆,植物意象,木本,,
栲,植物意象,木本,,
杻,植物意象,木本,,
椒聊,植物意象,木本,,
之實,植物意象,果實,,
芻,植物意象,草本,,
夕,時序季節,時序,,
杜,植物意象,木本,,
鴇,動物意象,鳥禽,,
栩,植物意象,木本,,
蓺,人化自然活動,農事,,
稻,植物意象,穀物,,
粱,植物意象,穀物,,
蘞,植物意象,草本,,
夏,時序季節,季節,,
首陽,地景環境,山丘,,
苦,植物意象,草本,,
驖,動物意象,獸類,,
獫,動物意象,獸類,,
歇驕,動物意象,獸類,,
騏,動物意象,獸類,,
馵,動物意象,獸類,,
駵,動物意象,獸類,,
騧,動物意象,獸類,,
蒹,植物意象,草本,,
霜,天象氣候,天氣,,
溯,人化自然活動,互動,,
洄,人化自然活動,互動,,
游,人化自然活動,互動,,
湄,地景環境,洲岸,,
坻,地景環境,洲岸,,
終南,地景環境,山丘,,
紀,植物意象,木本,,
有堂,植物意象,木本,,
交交,動物意象,鳥禽,,
晨風,動物意象,鳥禽,,
櫟,植物意象,木本,,
樹,植物意象,木本,,
檖,植物意象,木本,,
駮,植物意象,木本,,
棣,植物意象,木本,,
宛丘,地景環境,山丘,,
鷺,動物意象,水禽,,
枌,植物意象,木本,,
荍,植物意象,花卉,,
椒,植物意象,果實,,
泌,水域意象,水體,,
鯉,動物意象,魚類,衡門,魚
紵,植物意象,草本,,
菅,植物意象,草本,,
楊,植物意象,木本,,
昏,時序季節,時序,,
鴞,動物意象,鳥禽,,
邛,地景環境,山丘,,
苕,植物意象,花卉,,
鷊,植物意象,草本,,
防,地景環境,洲岸,,
澤,水域意象,水體,,
陂,地景環境,洲岸,,
蒲,植物意象,草本,,
荷,植物意象,花卉,,
菡萏,植物意象,花卉,,
萇楚,植物意象,草本,,
蜉蝣,動物意象,昆蟲,蜉蝣,蟲
雪,天象氣候,天氣,,
鵜,動物意象,水禽,,
隮,天象氣候,天氣,,
鳲鳩,動物意象,鳥禽,,
稂,植物意象,草本,,
蓍,植物意象,草本,,
流火,天象氣候,天體,,
七月,時序季節,時序,,
九月,時序季節,時序,,
一之日,時序季節,時序,,
二之日,時序季節,時序,,
三之日,時序季節,時序,,
四之日,時序季節,時序,,
春日,時序季節,時序,,
倉庚,動物意象,鳥禽,,
萑,植物意象,草本,,
蠶月,時序季節,時序,,
鵙,動物意象,鳥禽,,
八月,時序季節,時序,,
四月,時序季節,時序,,
五月,時序季節,時序,,
十月,時序季節,時序,,
葽,植物意象,草本,,
蜩,動物意象,昆蟲,七月,蟲
貉,人化自然活動,漁獵,,
舉趾,人化自然活動,農事,,
穫,人化自然活動,農事,,
狐狸,動物意象,獸類,,
其同,人化自然活動,漁獵,,
豜,動物意象,獸類,,
斯螽,動物意象,昆蟲,七月,蟲
莎雞,動物意象,昆蟲,七月,蟲
鬱,植物意象,果實,,
薁,植物意象,果實,,
葵,植物意象,果實,,
菽,植物意象,穀物,,
棗,植物意象,果實,,
瓜,植物意象,果實,,
壺,植物意象,果實,,
苴,植物意象,穀物,,
樗,植物意象,木本,,
場圃,人化自然活動,農事,,
禾,植物意象,穀物,,
穋,植物意象,穀物,,
晝,時序季節,時序,,
茅,植物意象,草本,,
百穀,植物意象,穀物,,
羔,動物意象,獸類,,
韭,植物意象,草本,,
兕,動物意象,獸類,,
鴟鴞,動物意象,鳥禽,,
荼予,植物意象,花卉,,
租,植物意象,草本,,
蠋,動物意象,昆蟲,東山,蟲
果臝,植物意象,果實,,
伊威,動物意象,昆蟲,東山,蟲
蠨蛸,動物意象,昆蟲,東山,蟲
宵行,動物意象,昆蟲,東山,蟲
鸛,動物意象,水禽,,
垤,地景環境,山丘,,
瓜苦,植物意象,果實,,
歸皇,動物意象,獸類,,
駁其,動物意象,獸類,,
九罭,人化自然活動,漁獵,,
鱒,動物意象,魚類,九罭,魚
鴻飛,動物意象,鳥禽,,
